{
  "data" :{

  "expand":"renderedFields,names,schema,operations,editmeta,changelog,versionedRepresentations",
  "id":"579019",
  "self":"https://jira.devops.lloydsbanking.com/rest/api/2/issue/579019",
  "key":"SPEEDY-159",
  "fields":{
    "fixVersions":[

    ],
    "resolution":{
      "self":"https://jira.devops.lloydsbanking.com/rest/api/2/resolution/10000",
      "id":"10000",
      "description":"GreenHopper Managed Resolution",
      "name":"Done"
    },
    "customfield_10621":null,
    "customfield_10105":null,
    "customfield_12920":null,
    "customfield_10107":null,
    "customfield_12922":null,
    "customfield_10108":null,
    "customfield_10109":null,
    "customfield_10505":null,
    "customfield_10506":null,
    "customfield_10903":null,
    "lastViewed":null,
    "customfield_14021":null,
    "customfield_14020":null,
    "priority":{
      "self":"https://jira.devops.lloydsbanking.com/rest/api/2/priority/3",
      "iconUrl":"https://jira.devops.lloydsbanking.com/images/icons/priority_major.gif",
      "name":"Medium",
      "id":"3"
    },
    "customfield_10100":null,
    "customfield_10101":null,
    "labels":[

    ],
    "customfield_10620":null,
    "customfield_10335":null,
    "customfield_10852":null,
    "customfield_14814":null,
    "customfield_10337":null,
    "customfield_12912":null,
    "aggregatetimeoriginalestimate":null,
    "timeestimate":null,
    "versions":[

    ],
    "customfield_10617":null,
    "customfield_10618":null,
    "issuelinks":[

    ],
    "assignee":{
      "self":"https://jira.devops.lloydsbanking.com/rest/api/2/user?username=ankit.adlakha",
      "name":"ankit.adlakha",
      "key":"ankit.adlakha",
      "avatarUrls":{
        "48x48":"https://secure.gravatar.com/avatar/f731e1b1a1451a89ab7942932d22f665?d=mm&s=48",
        "24x24":"https://secure.gravatar.com/avatar/f731e1b1a1451a89ab7942932d22f665?d=mm&s=24",
        "16x16":"https://secure.gravatar.com/avatar/f731e1b1a1451a89ab7942932d22f665?d=mm&s=16",
        "32x32":"https://secure.gravatar.com/avatar/f731e1b1a1451a89ab7942932d22f665?d=mm&s=32"
      },
      "displayName":"Ankit Adlakha",
      "active":true,
      "timeZone":"Europe/London"
    },
    "status":{
      "self":"https://jira.devops.lloydsbanking.com/rest/api/2/status/6",
      "description":"The issue is considered finished, the resolution is correct. Issues which are closed can be reopened.",
      "iconUrl":"https://jira.devops.lloydsbanking.com/images/icons/statuses/closed.png",
      "name":"Closed",
      "id":"6",
      "statusCategory":{
        "self":"https://jira.devops.lloydsbanking.com/rest/api/2/statuscategory/3",
        "id":3,
        "key":"done",
        "colorName":"green",
        "name":"Done"
      }
    },
    "components":[

    ],
    "customfield_15225":null,
    "customfield_10600":null,
    "customfield_14804":null,
    "customfield_10845":null,
    "aggregatetimeestimate":null,
    "customfield_16708":null,
    "creator":{
      "self":"https://jira.devops.lloydsbanking.com/rest/api/2/user?username=rob.young",
      "name":"rob.young",
      "key":"rob.young",
      "avatarUrls":{
        "48x48":"https://jira.devops.lloydsbanking.com/secure/useravatar?avatarId=12820",
        "24x24":"https://jira.devops.lloydsbanking.com/secure/useravatar?size=small&avatarId=12820",
        "16x16":"https://jira.devops.lloydsbanking.com/secure/useravatar?size=xsmall&avatarId=12820",
        "32x32":"https://jira.devops.lloydsbanking.com/secure/useravatar?size=medium&avatarId=12820"
      },
      "displayName":"Rob Young",
      "active":true,
      "timeZone":"Europe/London"
    },
    "subtasks":[
      {
        "id":"579112",
        "key":"SPEEDY-163",
        "self":"https://jira.devops.lloydsbanking.com/rest/api/2/issue/579112",
        "fields":{
          "summary":"Analyse properties which all can be moved to db for jira collector and create mongo db script to be added in installation shell script.",
          "status":{
            "self":"https://jira.devops.lloydsbanking.com/rest/api/2/status/6",
            "description":"The issue is considered finished, the resolution is correct. Issues which are closed can be reopened.",
            "iconUrl":"https://jira.devops.lloydsbanking.com/images/icons/statuses/closed.png",
            "name":"Closed",
            "id":"6",
            "statusCategory":{
              "self":"https://jira.devops.lloydsbanking.com/rest/api/2/statuscategory/3",
              "id":3,
              "key":"done",
              "colorName":"green",
              "name":"Done"
            }
          },
          "priority":{
            "self":"https://jira.devops.lloydsbanking.com/rest/api/2/priority/3",
            "iconUrl":"https://jira.devops.lloydsbanking.com/images/icons/priority_major.gif",
            "name":"Medium",
            "id":"3"
          },
          "issuetype":{
            "self":"https://jira.devops.lloydsbanking.com/rest/api/2/issuetype/5",
            "id":"5",
            "description":"The sub-task of the issue",
            "iconUrl":"https://jira.devops.lloydsbanking.com/secure/viewavatar?size=xsmall&avatarId=10316&avatarType=issuetype",
            "name":"Sub-Task",
            "subtask":true,
            "avatarId":10316
          }
        }
      },
      {
        "id":"579122",
        "key":"SPEEDY-164",
        "self":"https://jira.devops.lloydsbanking.com/rest/api/2/issue/579122",
        "fields":{
          "summary":"Create Read/Update api for jira collector properties in custom api.",
          "status":{
            "self":"https://jira.devops.lloydsbanking.com/rest/api/2/status/6",
            "description":"The issue is considered finished, the resolution is correct. Issues which are closed can be reopened.",
            "iconUrl":"https://jira.devops.lloydsbanking.com/images/icons/statuses/closed.png",
            "name":"Closed",
            "id":"6",
            "statusCategory":{
              "self":"https://jira.devops.lloydsbanking.com/rest/api/2/statuscategory/3",
              "id":3,
              "key":"done",
              "colorName":"green",
              "name":"Done"
            }
          },
          "priority":{
            "self":"https://jira.devops.lloydsbanking.com/rest/api/2/priority/3",
            "iconUrl":"https://jira.devops.lloydsbanking.com/images/icons/priority_major.gif",
            "name":"Medium",
            "id":"3"
          },
          "issuetype":{
            "self":"https://jira.devops.lloydsbanking.com/rest/api/2/issuetype/5",
            "id":"5",
            "description":"The sub-task of the issue",
            "iconUrl":"https://jira.devops.lloydsbanking.com/secure/viewavatar?size=xsmall&avatarId=10316&avatarType=issuetype",
            "name":"Sub-Task",
            "subtask":true,
            "avatarId":10316
          }
        }
      },
      {
        "id":"579127",
        "key":"SPEEDY-165",
        "self":"https://jira.devops.lloydsbanking.com/rest/api/2/issue/579127",
        "fields":{
          "summary":"Add logic to read property from property file and push to mongo db and load properties object with properties in db.",
          "status":{
            "self":"https://jira.devops.lloydsbanking.com/rest/api/2/status/6",
            "description":"The issue is considered finished, the resolution is correct. Issues which are closed can be reopened.",
            "iconUrl":"https://jira.devops.lloydsbanking.com/images/icons/statuses/closed.png",
            "name":"Closed",
            "id":"6",
            "statusCategory":{
              "self":"https://jira.devops.lloydsbanking.com/rest/api/2/statuscategory/3",
              "id":3,
              "key":"done",
              "colorName":"green",
              "name":"Done"
            }
          },
          "priority":{
            "self":"https://jira.devops.lloydsbanking.com/rest/api/2/priority/3",
            "iconUrl":"https://jira.devops.lloydsbanking.com/images/icons/priority_major.gif",
            "name":"Medium",
            "id":"3"
          },
          "issuetype":{
            "self":"https://jira.devops.lloydsbanking.com/rest/api/2/issuetype/5",
            "id":"5",
            "description":"The sub-task of the issue",
            "iconUrl":"https://jira.devops.lloydsbanking.com/secure/viewavatar?size=xsmall&avatarId=10316&avatarType=issuetype",
            "name":"Sub-Task",
            "subtask":true,
            "avatarId":10316
          }
        }
      },
      {
        "id":"579131",
        "key":"SPEEDY-166",
        "self":"https://jira.devops.lloydsbanking.com/rest/api/2/issue/579131",
        "fields":{
          "summary":"Create Rest Api in jira collector to update/refresh properties/caching object and integrate with Custom api.",
          "status":{
            "self":"https://jira.devops.lloydsbanking.com/rest/api/2/status/6",
            "description":"The issue is considered finished, the resolution is correct. Issues which are closed can be reopened.",
            "iconUrl":"https://jira.devops.lloydsbanking.com/images/icons/statuses/closed.png",
            "name":"Closed",
            "id":"6",
            "statusCategory":{
              "self":"https://jira.devops.lloydsbanking.com/rest/api/2/statuscategory/3",
              "id":3,
              "key":"done",
              "colorName":"green",
              "name":"Done"
            }
          },
          "priority":{
            "self":"https://jira.devops.lloydsbanking.com/rest/api/2/priority/3",
            "iconUrl":"https://jira.devops.lloydsbanking.com/images/icons/priority_major.gif",
            "name":"Medium",
            "id":"3"
          },
          "issuetype":{
            "self":"https://jira.devops.lloydsbanking.com/rest/api/2/issuetype/5",
            "id":"5",
            "description":"The sub-task of the issue",
            "iconUrl":"https://jira.devops.lloydsbanking.com/secure/viewavatar?size=xsmall&avatarId=10316&avatarType=issuetype",
            "name":"Sub-Task",
            "subtask":true,
            "avatarId":10316
          }
        }
      }
    ],
    "reporter":{
      "self":"https://jira.devops.lloydsbanking.com/rest/api/2/user?username=rob.young",
      "name":"rob.young",
      "key":"rob.young",
      "avatarUrls":{
        "48x48":"https://jira.devops.lloydsbanking.com/secure/useravatar?avatarId=12820",
        "24x24":"https://jira.devops.lloydsbanking.com/secure/useravatar?size=small&avatarId=12820",
        "16x16":"https://jira.devops.lloydsbanking.com/secure/useravatar?size=xsmall&avatarId=12820",
        "32x32":"https://jira.devops.lloydsbanking.com/secure/useravatar?size=medium&avatarId=12820"
      },
      "displayName":"Rob Young",
      "active":true,
      "timeZone":"Europe/London"
    },
    "aggregateprogress":{
      "progress":0,
      "total":0
    },
    "customfield_10200":null,
    "customfield_13705":4.0,
    "customfield_10836":null,
    "customfield_15608":"2018-04-04",
    "customfield_10838":null,
    "progress":{
      "progress":0,
      "total":0
    },
    "votes":{
      "self":"https://jira.devops.lloydsbanking.com/rest/api/2/issue/SPEEDY-159/votes",
      "votes":0,
      "hasVoted":false
    },
    "worklog":{
      "startAt":0,
      "maxResults":20,
      "total":0,
      "worklogs":[

      ]
    },
    "issuetype":{
      "self":"https://jira.devops.lloydsbanking.com/rest/api/2/issuetype/10001",
      "id":"10001",
      "description":"gh.issue.story.desc",
      "iconUrl":"https://jira.devops.lloydsbanking.com/secure/viewavatar?size=xsmall&avatarId=10315&avatarType=issuetype",
      "name":"Story",
      "subtask":false,
      "avatarId":10315
    },
    "timespent":null,
    "project":{
      "self":"https://jira.devops.lloydsbanking.com/rest/api/2/project/16044",
      "id":"16044",
      "key":"SPEEDY",
      "name":"Speedy",
      "avatarUrls":{
        "48x48":"https://jira.devops.lloydsbanking.com/secure/projectavatar?avatarId=12803",
        "24x24":"https://jira.devops.lloydsbanking.com/secure/projectavatar?size=small&avatarId=12803",
        "16x16":"https://jira.devops.lloydsbanking.com/secure/projectavatar?size=xsmall&avatarId=12803",
        "32x32":"https://jira.devops.lloydsbanking.com/secure/projectavatar?size=medium&avatarId=12803"
      }
    },
    "aggregatetimespent":null,
    "customfield_10431":null,
    "customfield_10311":null,
    "customfield_10302":null,
    "customfield_10303":null,
    "customfield_10304":null,
    "customfield_14108":null,
    "customfield_12207":null,
    "customfield_10306":null,
    "customfield_10307":null,
    "resolutiondate":"2018-04-04T11:59:31.000+0100",
    "workratio":-1,
    "customfield_11918":null,
    "watches":{
      "self":"https://jira.devops.lloydsbanking.com/rest/api/2/issue/SPEEDY-159/watchers",
      "watchCount":1,
      "isWatching":false
    },
    "created":"2018-03-21T12:27:44.000+0000",
    "customfield_14101":null,
    "customfield_10420":null,
    "customfield_16801":null,
    "customfield_16008":null,
    "customfield_16800":null,
    "customfield_10416":null,
    "updated":"2018-04-04T12:05:43.000+0100",
    "customfield_17201":null,
    "timeoriginalestimate":null,
    "description":null,
    "customfield_10010":null,
    "customfield_10011":"-- Both technical and functional properties are in scope for this migration.\r\n-- This story doesn't cover any grouping of properties\r\n\r\n-- A feature toggle should control the behaviour of whether the properties file is used, or the database for these values.\r\n-- A separate story will be raised for the decommissioning of this properties file in a future sprint.\r\n\r\n--Jira collector working with jira properties in mongo db.\r\n--Any update in Jira proerties through front end will update the properties object in jira collector.\r\n--Automated Test case should exist.",
    "customfield_17202":null,
    "timetracking":{

    },
    "customfield_10005":null,
    "attachment":[

    ],
    "customfield_10009":"1|hzqg2v:",
    "customfield_10409":null,
    "summary":"Migrate JIRA collector properties to MongoDB",
    "customfield_10001":null,
    "customfield_10002":9.0,
    "customfield_16900":null,
    "customfield_10883":null,
    "customfield_16107":null,
    "customfield_10004":[
      "com.atlassian.greenhopper.service.sprint.Sprint@72166c07[id=8116,rapidViewId=6074,state=CLOSED,name=Sprint 4,startDate=2018-03-22T08:00:22.937Z,endDate=2018-04-04T18:00:00.000+01:00,completeDate=2018-04-06T13:35:09.598+01:00,sequence=8116]"
    ],
    "customfield_16106":null,
    "customfield_13504":null,
    "customfield_14715":null,
    "environment":null,
    "customfield_10513":null,
    "duedate":null,
    "comment":{
      "comments":[
        {
          "self":"https://jira.devops.lloydsbanking.com/rest/api/2/issue/579019/comment/900172",
          "id":"900172",
          "author":{
            "self":"https://jira.devops.lloydsbanking.com/rest/api/2/user?username=amit.rameshchandra",
            "name":"amit.rameshchandra",
            "key":"amit.rameshchandra",
            "avatarUrls":{
              "48x48":"https://jira.devops.lloydsbanking.com/secure/useravatar?ownerId=amit.rameshchandra&avatarId=18740",
              "24x24":"https://jira.devops.lloydsbanking.com/secure/useravatar?size=small&ownerId=amit.rameshchandra&avatarId=18740",
              "16x16":"https://jira.devops.lloydsbanking.com/secure/useravatar?size=xsmall&ownerId=amit.rameshchandra&avatarId=18740",
              "32x32":"https://jira.devops.lloydsbanking.com/secure/useravatar?size=medium&ownerId=amit.rameshchandra&avatarId=18740"
            },
            "displayName":"Amit Rameshchandra Surana",
            "active":true,
            "timeZone":"Europe/London"
          },
          "body":"For Test Evidence pls check:\r\nSPEEDY-189\r\n",
          "updateAuthor":{
            "self":"https://jira.devops.lloydsbanking.com/rest/api/2/user?username=amit.rameshchandra",
            "name":"amit.rameshchandra",
            "key":"amit.rameshchandra",
            "avatarUrls":{
              "48x48":"https://jira.devops.lloydsbanking.com/secure/useravatar?ownerId=amit.rameshchandra&avatarId=18740",
              "24x24":"https://jira.devops.lloydsbanking.com/secure/useravatar?size=small&ownerId=amit.rameshchandra&avatarId=18740",
              "16x16":"https://jira.devops.lloydsbanking.com/secure/useravatar?size=xsmall&ownerId=amit.rameshchandra&avatarId=18740",
              "32x32":"https://jira.devops.lloydsbanking.com/secure/useravatar?size=medium&ownerId=amit.rameshchandra&avatarId=18740"
            },
            "displayName":"Amit Rameshchandra Surana",
            "active":true,
            "timeZone":"Europe/London"
          },
          "created":"2018-04-04T11:59:31.000+0100",
          "updated":"2018-04-04T11:59:31.000+0100"
        }
      ],
      "maxResults":1,
      "total":1,
      "startAt":0
    }
  }

  }
}
