{
		  "speedy-cb.k8st1.lbg.eu-gb.mybluemix.net":"Commercial Servicing",
		  "10.59.152.186":"Targa-BBCC",
		  "10.59.153.164":"Wardour",
		  "localhost":"localhost",
		  "10.59.153.61":"Targa - Biocatch",
		  "10.177.41.117":"Old Compton",
		  "10.59.151.38":"CBO Test env",
		  "10.59.152.59":"Speedy for Speedy",
		  "10.59.152.182":"Finance Engineering DevOps",
		  "10.59.153.147":"Information Management Big Data Transformation",
		  "10.59.151.107":"Direct Debit",
		  
		  "speedy-speedydev.k8st1.lbg.eu-gb.mybluemix.net":"Speedy Dev",
		  "speedy-fw.k8st1.lbg.eu-gb.mybluemix.net":"Financial Wellbeing",
		  "speedy-scep.k8st1.lbg.eu-gb.mybluemix.net":"SCEP",
		  "speedy-scep-phase-2.k8st1.lbg.eu-gb.mybluemix.net":"SCEP Phase 2",
		  "speedy-aob-sales.k8st1.lbg.eu-gb.mybluemix.net":"AOB Sales",
		  "speedy-aov-fintech.k8st1.lbg.eu-gb.mybluemix.net":"AOV Fintech",
		  "speedy-cbo-tl.k8st1.lbg.eu-gb.mybluemix.net":"CBO TL",
		  "speedy-loans.k8st1.lbg.eu-gb.mybluemix.net":"Loans",
		  "speedy-mip.k8st1.lbg.eu-gb.mybluemix.net":"MIP",
		  "speedy-ob-pisp.k8st1.lbg.eu-gb.mybluemix.net":"OB PISP",
		  "speedy-pas-aov.k8st1.lbg.eu-gb.mybluemix.net":"PAS AOV",
		  "speedy-pas-cc.k8st1.lbg.eu-gb.mybluemix.net":"PAS CC",
		  "speedy-pas-coa.k8st1.lbg.eu-gb.mybluemix.net":"PAS COA",
		  "speedy-pas-rtn.k8st1.lbg.eu-gb.mybluemix.net":"PAS RTN",
		  "speedy-pca-nirvana.k8st1.lbg.eu-gb.mybluemix.net":"PCA Nirvana",
		  "speedy-pca.k8st1.lbg.eu-gb.mybluemix.net":"PCA",
		  "speedy-speedy.k8st1.lbg.eu-gb.mybluemix.net":"Speedy for Speedy-sandbox",
		  
		  "speedy-cmp.k8st1.lbg.eu-gb.mybluemix.net":"CMP (Cash Management & Payment)",
		  "speedy-001.service.test.group":"Speedy Testing Environment",
		  "speedy-002.service.test.group":"MSP ThunderCats",
		  "speedy-003.service.test.group":"MSP Super-F1",
		  "speedy-011.service.test.group":"Telephony - CCA",
		  "speedy-012.service.test.group":"CBS",
		  "speedy-013.service.test.group":"Duck Creek",
		  "speedy-014.service.test.group":"Self Serve",
		  "speedy-015.service.test.group":"Complaints",
		  "speedy-016.service.test.group":"Payments",
		  "speedy-017.service.test.group":"DASD (Fraud Team)",
		  "speedy-018.service.test.group":"Financial Wellbeing - Squad 3 Software",
		  "speedy-019.service.test.group":"Motor Finance Platform",
		  "speedy-020.service.test.group":"Group Transformation, mortgage VS and Specialist brands",
		  "speedy-021.service.test.group":"TFS Testing Environment",
		  "speedy-023.service.test.group":"Telephony - IVR",
		  "speedy-024.service.test.group":"Telephony - Edge"        		  
  }